Model,MAE,RMSE,R2
Linear Regression,49140.5732956638,68479.3545591122,0.64363737505794
Decision Tree,40634.34273700139,61758.73779017876,0.7101524355171067
Random Forest,33379.28993594666,51272.9186384096,0.8002214245013074
